"","Respondents","European","Canadian","Japanese","X6.19","X5.49","X4.79","Rich.full.bodied","Regular","Crisp.and.clear","Strong","Mild","Very.mild","Full","Regular.1","Low","Six.12Oz.Large","Six.12Oz.Small","Four.16Oz","Green.Label","Brown.Label","Brown.Painted","fit1$cluster"
"1",6861,0,8,12,0,16,23,8,0,10,10,6,0,0,21,13,4,0,11,9,0,13,2
"2",4129,1,4,0,8,0,51,8,0,4,6,0,2,2,6,0,0,12,10,13,5,0,2
"3",4393,19,0,15,16,0,3,31,0,20,0,7,13,6,0,8,0,4,8,1,5,0,2
"4",445,0,17,19,0,19,21,0,12,1,0,5,11,0,14,17,0,0,12,0,1,9,1
"5",7393,20,0,4,9,3,0,0,0,11,0,13,6,9,0,23,17,0,8,0,6,3,2
"6",964,17,3,0,6,14,0,0,3,24,11,0,6,6,8,0,0,6,14,0,12,7,1
"7",6773,1,5,0,0,3,4,9,0,24,0,9,2,0,11,35,15,0,15,0,1,8,2
"8",461,18,1,0,2,3,0,7,0,13,0,12,2,26,7,0,19,0,1,0,1,9,1
"9",7156,0,3,14,0,11,26,12,0,13,1,14,0,2,11,0,8,0,10,12,0,10,2
"10",5785,17,5,0,9,3,0,17,0,13,0,14,6,1,0,25,13,0,11,0,5,5,2
"11",4946,21,0,17,0,4,4,4,2,0,0,15,8,31,10,0,15,8,0,4,9,0,2
"12",428,6,0,8,1,0,10,0,3,1,0,21,20,26,3,0,18,1,0,15,2,0,1
"13",4465,8,0,15,5,0,2,10,30,0,2,3,0,9,3,0,0,17,33,0,4,1,2
"14",2478,17,0,0,10,2,0,34,0,8,0,12,6,0,0,12,9,0,4,0,6,4,1
"15",6321,15,6,0,0,3,1,19,0,16,0,10,8,0,6,24,18,1,0,0,11,8,2
"16",4263,13,5,0,12,13,0,0,1,4,0,13,13,2,0,30,22,0,16,0,5,5,2
"17",4305,0,11,19,0,24,17,0,0,5,10,5,0,6,7,0,9,0,15,0,3,19,2
"18",5074,0,0,12,0,14,0,3,0,5,6,3,0,0,27,25,5,0,6,0,21,29,2
"19",3004,14,0,26,18,5,0,10,3,0,0,4,12,0,7,17,12,0,3,5,4,0,1
"20",702,13,0,16,13,16,0,2,0,5,8,17,0,4,3,0,32,0,8,0,4,10,1
"21",6778,17,0,24,5,0,10,12,0,11,0,8,8,4,0,21,20,0,14,4,1,0,2
"22",5542,20,0,16,0,9,5,12,0,3,0,19,3,30,2,0,9,0,7,2,0,1,2
"23",7247,20,12,0,15,10,0,3,0,5,0,33,8,4,10,0,11,3,0,4,0,6,2
"24",6024,24,0,8,12,10,0,0,10,6,16,13,0,8,0,10,19,0,18,0,5,8,2
"25",6172,14,0,10,2,8,0,0,3,17,0,6,1,1,0,24,16,0,13,0,12,14,2
"26",2590,0,13,11,0,9,19,2,0,11,7,17,0,0,12,7,14,0,17,9,0,11,1
"27",6293,17,0,20,11,11,0,15,0,10,0,19,18,0,13,5,9,0,8,7,0,14,2
"28",4485,12,18,0,0,10,16,14,0,3,0,19,31,3,6,0,1,0,4,6,0,11,2
"29",5520,24,1,0,5,2,0,32,0,19,0,16,11,12,0,3,2,0,2,0,2,9,2
"30",5837,20,0,19,0,9,3,2,0,13,1,8,0,3,13,0,13,4,0,0,18,24,2
"31",1868,0,10,14,20,0,23,0,0,4,14,14,0,0,25,17,0,10,14,6,1,0,1
"32",5996,18,3,0,0,2,6,8,0,14,0,8,5,0,21,11,13,6,0,0,13,18,2
"33",2588,3,22,0,0,25,22,0,1,4,0,2,4,0,3,9,20,0,18,15,0,15,1
"34",387,0,14,1,20,15,0,12,0,9,0,4,8,0,15,12,11,16,0,15,0,9,1
"35",5660,13,0,2,7,21,0,0,5,12,0,3,1,8,15,0,19,6,0,0,8,18,2
"36",6758,3,0,15,0,3,5,6,6,0,2,0,1,0,28,8,5,0,11,0,18,32,2
"37",7187,0,17,1,8,0,6,9,9,0,23,0,11,0,23,22,0,14,11,5,2,0,2
"38",993,18,9,0,0,1,9,5,0,16,0,22,8,0,6,2,13,0,27,0,1,3,1
"39",301,14,7,0,1,0,0,28,0,19,0,19,14,2,0,14,10,2,0,0,2,13,1
"40",7018,23,0,15,5,9,0,12,0,13,0,16,1,10,1,0,13,0,1,0,12,16,2
"41",3570,6,13,0,0,1,13,0,7,5,0,5,19,0,14,0,15,0,14,0,17,20,1
"42",4829,0,10,1,0,10,13,21,0,13,0,10,10,0,8,27,14,0,13,2,0,6,2
"43",5575,0,23,11,1,3,0,5,7,0,23,0,4,0,27,28,0,6,11,1,0,3,2
"44",6100,10,0,8,12,16,0,14,0,17,0,9,6,16,0,15,25,0,10,2,0,8,2
"45",3950,21,0,1,6,0,2,27,0,3,0,16,5,5,0,5,18,0,15,0,2,7,2
"46",1241,22,0,20,8,9,0,0,2,3,12,9,0,1,7,0,23,6,0,0,4,24,1
"47",1729,0,24,8,0,33,26,1,4,0,11,0,12,0,3,1,11,0,9,9,0,12,1
"48",4377,16,0,16,0,4,10,14,0,8,0,23,10,22,1,0,13,0,5,2,0,1,2
"49",4448,3,21,0,0,1,5,4,8,0,16,0,22,18,0,6,5,23,0,1,0,3,2
"50",7049,35,0,29,5,13,0,11,0,9,12,5,0,4,0,1,9,0,5,0,12,17,2
"51",4970,13,0,3,0,6,3,13,0,9,0,9,5,0,24,20,17,0,0,0,12,17,2
"52",7201,6,0,2,16,0,25,13,5,0,13,0,4,0,0,11,14,0,6,0,19,11,2
"53",5555,9,0,24,2,0,1,0,10,10,27,6,0,12,0,18,9,0,8,11,7,0,2
"54",6021,14,0,6,16,2,0,8,0,13,0,27,7,10,0,3,14,0,10,5,0,5,2
"55",3528,26,0,10,0,0,0,0,10,11,0,6,4,0,20,13,17,1,0,0,19,20,1
"56",1129,0,5,13,0,3,9,0,14,10,2,0,0,0,1,19,30,0,4,0,13,3,1
"57",6502,0,15,8,0,15,14,10,0,16,3,20,0,5,3,0,11,0,14,13,0,14,2
"58",2911,0,21,6,0,27,21,0,7,7,7,0,8,0,6,4,14,0,13,11,0,16,1
"59",2899,9,0,11,6,3,0,21,0,8,0,9,5,33,0,22,15,0,11,5,2,0,1
"60",6421,20,14,0,0,13,14,18,0,7,0,7,4,0,11,12,0,16,8,0,13,10,2
"61",616,15,0,6,3,14,0,0,3,20,0,14,4,0,17,15,7,3,0,0,8,13,1
"62",141,12,0,5,6,11,0,1,10,0,13,26,0,2,7,0,0,4,17,0,15,18,1
"63",464,9,0,10,0,7,1,20,0,9,0,17,2,30,4,0,4,0,7,0,3,9,1
"64",1173,16,1,0,0,3,12,1,0,13,6,9,0,0,23,10,14,3,0,0,7,14,1
"65",525,25,0,32,9,4,0,9,0,7,4,7,0,8,0,5,18,4,0,18,7,0,1
"66",5646,0,24,0,0,6,8,2,3,0,4,0,10,0,21,14,0,4,5,0,20,28,2
"67",166,1,0,1,0,5,4,41,0,8,13,18,0,16,0,5,8,1,0,0,10,5,1
"68",382,11,0,12,0,2,4,38,1,0,7,0,4,0,5,9,17,0,12,0,8,13,1
"69",4953,4,0,8,5,3,0,11,0,18,10,23,0,13,2,0,6,0,12,21,0,11,2
"70",5789,17,0,5,11,4,0,6,0,3,0,15,7,28,0,10,10,0,1,0,14,8,2
"71",3655,0,17,10,0,31,25,0,0,7,12,0,11,0,5,6,15,0,9,7,0,14,1
"72",1574,2,0,12,0,3,9,0,8,11,11,14,0,0,17,1,10,0,19,0,1,17,1
"73",3642,16,0,10,0,5,2,17,0,4,0,7,3,0,25,23,14,0,8,0,10,16,1
"74",6450,16,1,0,1,0,10,11,0,11,1,6,0,0,26,10,17,11,0,0,13,15,2
"75",3774,15,0,16,0,7,14,4,0,9,0,23,7,22,4,0,13,0,6,3,0,2,1
"76",3711,1,29,0,0,7,1,1,3,0,13,0,4,0,22,30,0,7,13,6,0,5,1
"77",5691,0,17,4,0,14,7,0,3,12,0,7,4,0,10,15,10,0,19,1,0,16,2
"78",3602,17,0,7,9,0,4,11,0,17,0,19,8,10,0,15,17,0,0,1,5,0,1
"79",2316,1,0,10,0,20,1,1,0,0,25,22,0,8,9,0,0,6,1,30,2,0,1
"80",1694,15,0,16,2,0,0,13,0,12,0,22,2,13,0,9,25,0,14,9,0,3,1
"81",807,0,21,3,0,9,6,3,0,9,1,0,0,0,25,43,0,0,11,0,1,6,1
"82",7326,29,0,11,0,4,4,0,9,10,0,23,1,15,0,0,12,0,0,2,8,0,2
"83",3485,12,0,1,2,9,0,15,0,8,0,13,11,0,15,33,13,0,11,0,2,5,1
"84",3125,0,10,23,0,12,22,0,0,6,0,11,1,0,9,7,10,0,17,12,0,9,1
"85",1035,0,4,15,6,0,12,4,0,5,0,18,0,30,7,0,8,0,12,7,0,6,1
"86",763,16,0,10,6,12,0,10,3,0,0,13,6,27,0,19,12,0,14,0,8,6,1
"87",3014,5,4,0,12,0,11,0,9,19,10,5,0,0,12,37,4,2,0,13,14,0,1
"88",707,0,21,1,5,5,0,19,0,0,17,4,0,0,21,21,0,5,11,3,0,6,1
"89",5655,12,3,0,11,0,15,11,0,22,0,20,20,13,0,12,15,0,0,0,4,4,2
"90",5320,17,0,25,11,10,0,27,0,19,3,3,0,15,0,6,12,2,0,0,5,6,2
"91",4413,21,0,13,2,3,0,0,2,12,0,24,11,0,7,8,21,3,0,0,11,8,2
"92",4537,23,0,7,0,6,3,9,0,13,0,22,8,11,0,11,20,0,14,0,0,5,2
"93",534,0,23,1,0,13,24,3,0,1,1,3,0,0,23,17,0,5,3,0,16,18,1
"94",1275,12,0,15,1,2,0,3,0,18,3,34,0,17,1,0,11,0,6,3,0,2,1
"95",388,15,0,10,0,7,9,11,0,1,6,10,0,0,29,27,3,1,0,0,24,20,1
"96",7211,6,0,3,2,9,0,21,0,11,0,7,6,0,28,15,10,3,0,0,8,19,2
"97",5573,0,16,14,0,16,9,7,0,18,0,7,6,0,6,21,0,1,5,0,12,16,2
"98",4668,20,16,0,17,0,1,0,2,3,11,0,1,4,0,20,6,0,22,7,0,7,2
"99",3490,22,0,17,0,15,4,4,0,14,11,12,0,0,10,5,8,0,2,0,13,19,1
"100",4350,23,0,13,7,0,1,7,0,8,0,20,11,23,0,8,8,4,0,0,12,4,2
"101",4614,21,28,0,0,7,9,25,0,8,0,10,13,0,6,5,1,6,0,0,9,12,2
"102",3819,0,16,25,4,17,0,7,2,0,12,0,12,19,0,8,0,16,11,0,4,1,1
"103",6855,25,0,16,3,3,0,15,0,10,1,17,0,22,0,10,10,0,14,0,0,4,2
"104",2024,15,0,8,8,0,0,43,0,14,0,3,7,0,0,13,6,5,0,0,9,5,1
"105",3373,14,0,22,10,7,0,39,0,13,5,0,5,4,9,0,0,5,4,5,0,10,1
"106",5701,24,0,12,3,0,4,40,0,4,0,9,13,0,3,6,9,0,8,3,0,4,2
"107",4174,15,0,16,11,7,0,14,0,22,0,9,1,22,7,0,7,0,2,0,0,12,2
"108",2810,20,0,13,0,4,5,4,0,13,0,21,4,16,0,4,19,0,0,0,8,5,1
"109",3996,19,0,12,11,7,0,11,0,19,0,10,6,1,0,19,12,0,3,0,9,8,2
"110",7447,1,6,0,0,18,5,7,0,9,0,14,7,2,0,21,15,0,7,17,1,0,2
"111",4491,0,10,13,24,0,7,0,18,13,7,0,10,10,0,12,17,0,0,5,7,0,2
"112",3595,0,11,1,0,2,0,21,0,5,6,19,0,0,4,19,0,3,8,0,19,13,1
"113",308,0,25,13,4,0,18,0,7,0,0,10,8,0,16,11,0,4,14,10,0,4,1
"114",3514,6,15,0,16,21,0,21,8,0,1,18,0,3,12,0,1,0,6,3,0,8,1
"115",71,14,0,14,0,6,12,4,0,11,0,26,11,19,2,0,15,0,5,3,0,2,1
"116",3953,1,16,0,0,38,36,3,0,2,0,2,6,6,5,0,15,0,13,11,0,16,2
"117",6048,3,0,2,0,9,1,0,15,31,17,16,0,10,0,2,10,12,0,0,19,13,2
"118",6494,0,5,15,4,18,0,0,1,3,0,1,7,21,0,32,4,0,11,0,14,10,2
"119",1223,17,9,0,0,9,12,47,0,10,0,10,7,0,0,4,6,7,0,1,3,0,1
"120",3967,16,0,0,5,3,0,23,0,14,0,17,14,4,0,23,9,0,3,0,8,4,2
"121",4643,0,2,4,0,5,4,49,0,13,3,9,0,0,17,9,4,3,0,0,6,11,2
"122",5824,21,14,0,11,0,2,19,0,21,0,20,3,8,0,5,10,0,8,8,0,8,2
"123",1322,28,0,24,2,2,0,0,3,10,12,10,0,3,0,12,23,0,11,0,13,12,1
"124",3520,32,0,36,4,0,4,10,1,0,17,13,0,10,0,5,18,0,8,3,6,0,1
"125",6157,23,0,19,0,3,1,3,0,12,0,26,15,19,0,2,10,0,3,0,6,7,2
"126",3028,13,0,3,0,1,13,7,0,13,0,13,0,0,20,16,18,0,8,11,0,7,1
"127",5870,16,0,10,4,2,0,20,0,20,0,25,10,12,0,16,17,0,9,0,1,3,2
"128",3800,7,1,0,8,0,3,23,0,25,0,21,7,22,0,1,7,4,0,0,8,11,1
"129",6068,10,0,15,0,13,0,0,1,7,0,6,0,0,16,24,10,0,4,0,24,25,2
"130",5637,16,0,13,0,1,10,17,0,5,0,17,13,16,0,5,16,5,0,6,8,0,2
"131",7460,26,0,19,0,2,1,0,12,16,0,19,7,18,0,10,16,0,9,0,3,0,2
"132",7173,0,30,10,0,5,14,14,0,10,4,5,0,0,16,23,2,0,7,7,0,4,2
"133",6910,11,0,3,0,0,3,12,0,18,0,21,5,26,0,17,19,0,9,3,1,0,2
"134",1555,9,0,17,4,15,0,12,5,0,0,18,20,0,23,11,0,6,7,0,0,6,1
"135",1743,16,0,22,1,0,8,40,5,0,2,0,2,0,3,3,8,0,18,2,0,6,1
"136",3833,0,12,12,0,10,6,22,3,0,11,0,11,6,3,0,0,31,20,9,4,0,1
"137",5043,7,15,0,16,0,15,0,7,5,4,0,8,19,0,0,7,6,0,28,5,0,2
"138",6814,15,0,7,0,1,0,40,0,7,0,19,12,15,0,5,9,0,2,0,2,2,2
"139",6605,8,7,0,2,1,0,15,0,23,10,44,0,10,0,0,8,0,3,6,0,1,2
"140",7152,19,0,12,0,2,5,9,0,18,0,23,8,21,0,3,11,3,0,2,2,0,2
"141",5850,5,15,0,0,11,4,0,2,18,3,0,5,0,9,23,19,0,4,0,9,3,2
"142",863,16,0,11,10,0,16,5,12,0,1,2,0,0,20,11,24,0,16,0,6,11,1
"143",7487,7,0,13,25,18,0,4,2,0,0,2,4,21,15,0,18,15,0,10,16,0,2
"144",2298,18,0,7,3,8,0,4,0,7,0,20,14,16,0,15,22,0,5,9,2,0,1
"145",4181,3,0,0,5,0,6,44,0,9,20,13,0,5,0,6,8,0,6,0,14,14,2
"146",748,5,13,0,0,5,3,11,0,19,0,19,23,0,6,27,5,3,0,0,8,6,1
"147",3507,0,17,6,6,0,0,20,0,4,10,0,5,0,13,26,0,4,16,3,0,6,1
"148",5262,0,5,1,2,9,0,5,0,24,11,25,0,18,0,9,17,0,1,0,0,2,2
"149",3962,0,27,0,0,8,19,6,0,1,0,11,10,0,12,10,0,9,16,0,3,10,2
"150",1242,0,0,2,0,12,10,12,0,11,1,13,0,37,16,0,9,4,0,10,15,0,1
"151",2338,0,25,11,4,8,0,5,4,0,22,0,7,0,18,19,0,16,17,0,1,5,1
"152",389,23,0,26,8,0,9,26,2,0,16,13,0,8,0,3,0,0,5,10,7,0,1
"153",62,20,0,20,0,0,7,5,0,10,0,28,9,20,3,0,11,0,1,3,2,0,1
"154",5506,14,10,0,0,10,10,11,1,0,0,10,25,0,4,1,12,0,4,0,14,23,2
"155",4388,18,12,0,0,2,13,0,0,12,6,1,0,0,26,8,12,10,0,0,6,12,2
"156",4480,42,0,34,4,0,7,0,2,2,12,8,0,1,0,11,14,0,9,0,11,4,2
"157",5543,15,8,0,0,3,5,9,0,19,9,24,0,16,0,3,8,0,8,14,0,6,2
"158",2062,19,13,0,5,0,5,35,0,6,0,0,1,5,0,14,0,0,5,0,20,11,1
"159",4841,21,7,0,0,2,4,9,0,17,1,6,0,0,22,9,9,6,0,0,12,21,2
"160",5839,19,0,9,1,1,0,22,0,11,0,22,8,22,0,8,12,0,7,0,1,3,2
"161",7308,13,4,0,0,20,0,29,0,18,0,4,4,3,6,0,0,24,8,4,0,4,2
"162",4956,7,5,0,9,9,0,8,0,14,16,22,0,21,0,8,19,0,15,4,0,9,2
"163",6551,24,0,17,31,0,8,3,2,0,1,8,0,6,0,2,0,12,1,3,16,0,2
"164",6312,14,0,7,0,0,1,24,0,12,0,21,5,21,0,8,16,0,11,2,0,3,2
"165",1696,13,0,12,1,0,1,8,0,24,0,20,20,22,0,25,11,1,0,7,5,0,1
"166",5856,13,5,0,19,8,0,5,0,9,0,9,12,7,0,28,16,0,12,3,0,0,2
"167",2403,0,10,18,0,11,21,3,0,10,0,12,0,0,12,7,11,0,16,7,0,12,1
"168",7413,14,0,11,0,10,11,5,0,10,0,25,14,24,1,0,14,0,4,2,0,3,2
"169",5400,0,4,10,0,3,20,4,0,18,0,18,0,0,7,11,16,0,12,7,0,5,2
"170",1176,4,0,13,7,0,12,5,0,16,10,17,0,5,0,12,6,0,16,11,0,13,1
"171",1595,0,3,3,0,0,15,44,0,11,4,11,0,6,6,0,6,0,9,10,0,8,1
"172",717,19,0,13,0,2,5,0,5,14,0,25,13,20,5,0,12,0,2,0,2,5,1
"173",574,18,0,23,0,5,5,0,4,4,9,4,0,0,35,26,3,0,1,0,18,20,1
"174",2523,8,0,10,0,16,7,8,0,10,6,0,7,3,15,0,35,21,0,8,0,0,1
"175",5035,18,0,13,0,0,6,4,0,8,0,26,14,27,0,8,10,0,4,4,4,0,2
"176",3154,17,0,12,2,3,0,8,0,16,2,22,0,20,0,10,19,0,8,2,0,4,1
"177",2029,10,0,13,0,2,0,23,0,8,0,18,10,30,0,13,12,0,6,3,2,0,1
"178",4262,19,3,0,0,20,19,0,4,2,0,9,0,5,0,4,14,0,2,0,29,26,2
"179",7134,6,1,0,12,5,0,13,0,21,14,23,0,20,0,13,10,0,12,2,0,6,2
"180",489,0,2,1,15,18,0,30,3,0,0,15,9,11,9,0,0,0,6,18,0,10,1
"181",6674,17,0,20,4,5,0,12,0,10,0,18,4,17,0,10,23,0,12,4,0,3,2
"182",6550,17,1,0,12,8,0,13,0,7,0,14,12,4,0,27,13,0,8,3,4,0,2
"183",7415,0,24,26,4,3,0,23,0,4,0,9,16,5,15,0,0,3,4,5,0,13,2
"184",2009,13,0,19,0,18,2,1,1,0,0,11,2,0,18,15,9,0,3,0,22,24,1
"185",6423,0,0,2,0,13,10,0,1,4,3,11,0,0,34,16,0,3,6,0,20,30,2
"186",4195,0,1,8,7,10,0,18,0,3,8,16,0,32,0,10,12,0,10,0,3,3,2
"187",1232,16,7,0,0,4,9,15,0,16,0,26,11,22,5,0,5,0,1,4,0,5,1
"188",6831,32,0,20,0,7,3,0,3,11,2,16,0,0,8,5,10,0,1,0,16,16,2
"189",2054,4,12,0,0,16,8,6,0,25,0,9,12,0,3,26,0,1,4,4,0,5,1
"190",985,10,29,0,2,0,7,2,4,0,7,0,3,0,12,15,0,15,24,0,8,15,1
"191",708,12,0,8,6,6,0,38,0,4,0,3,11,0,13,9,7,0,8,3,0,12,1
"192",4670,8,0,11,0,23,9,5,0,7,1,4,0,0,21,4,18,0,16,0,17,12,2
"193",6351,0,9,3,0,13,9,18,0,6,0,2,5,0,7,27,9,0,18,0,4,11,2
"194",2013,19,0,13,0,9,3,4,0,15,4,15,0,0,10,1,13,0,1,0,10,18,1
"195",6316,21,0,8,0,2,13,9,0,9,0,22,17,21,0,3,11,0,2,0,2,2,2
"196",7124,0,0,4,0,1,4,37,0,0,0,8,14,0,14,9,6,0,11,15,0,11,2
"197",2569,0,13,27,3,9,0,0,5,0,17,0,20,0,15,29,3,0,7,4,0,2,1
"198",1676,25,31,0,0,10,11,7,0,13,0,13,13,10,2,0,1,7,0,0,10,15,1
"199",6237,15,24,0,0,13,17,17,0,9,0,10,19,15,0,0,2,2,0,4,0,7,2
"200",2936,8,0,18,0,16,0,3,0,10,0,6,0,0,10,12,13,0,5,0,19,25,1
"201",3666,21,0,5,0,0,2,3,0,14,0,22,10,17,8,0,17,2,0,0,1,6,1
"202",6669,19,32,0,0,5,8,16,0,11,0,11,4,0,8,6,0,7,12,0,3,14,2
"203",2857,8,17,0,0,7,14,12,0,8,0,10,10,0,13,5,0,9,2,0,21,25,1
"204",5855,20,26,0,0,8,12,25,0,6,0,14,17,4,2,0,0,8,9,0,1,8,2
"205",2474,2,5,0,0,2,8,23,0,5,0,6,14,0,8,0,20,0,17,0,3,22,1
"206",3617,7,0,13,12,12,0,10,0,14,0,18,17,0,0,21,17,0,0,3,4,0,1
"207",1324,7,0,11,3,0,4,9,0,20,8,27,0,16,0,4,16,0,12,6,0,5,1
"208",6221,4,0,9,0,11,9,0,0,12,0,9,1,28,3,0,13,1,0,17,12,0,2
"209",1283,19,0,6,14,5,0,3,0,9,0,9,5,8,0,25,18,0,8,0,5,1,1
"210",3212,20,0,15,0,0,4,2,0,11,0,17,7,23,0,9,23,0,6,0,1,0,1
"211",7355,1,0,3,13,0,37,11,4,0,0,16,4,6,4,0,0,10,24,0,4,1,2
"212",3225,3,5,0,15,0,18,0,13,6,14,0,15,8,22,0,5,0,14,0,5,12,1
"213",6817,21,19,0,0,1,14,10,0,10,0,22,25,15,3,0,2,6,0,0,7,8,2
"214",6858,0,14,0,0,13,8,8,0,11,0,4,0,0,17,3,0,18,16,22,0,23,2
"215",6970,10,1,0,13,9,0,5,0,14,0,9,1,0,3,34,20,0,15,0,0,1,2
"216",4420,19,0,19,9,11,0,0,8,17,5,0,0,3,0,15,0,9,21,0,11,8,2
"217",3762,0,15,19,0,20,19,0,11,5,0,9,13,0,16,17,1,0,10,0,4,10,1
"218",4545,12,0,13,0,11,1,0,11,10,0,0,6,8,14,0,37,16,0,7,2,0,2
"219",2459,0,8,2,0,29,20,3,0,10,0,9,5,6,0,2,23,0,14,7,0,14,1
"220",3842,16,0,14,0,1,9,9,0,13,0,29,11,21,2,0,10,0,1,1,1,0,1
"221",7165,15,0,7,0,7,0,11,0,19,0,17,1,15,0,10,22,0,3,4,0,1,2
"222",2687,3,0,9,0,20,13,0,0,8,0,13,2,0,19,11,12,0,7,0,9,18,1
"223",2819,13,0,24,0,13,3,0,0,2,6,6,0,0,15,12,13,0,7,0,21,27,1
"224",5429,0,13,9,0,9,16,6,0,13,0,20,13,0,17,9,2,0,7,7,0,12,2
"225",7501,8,0,10,34,0,17,0,0,10,7,0,6,0,17,3,9,18,0,5,4,0,2
"226",1733,22,0,14,11,4,0,9,0,8,0,20,9,20,0,4,6,1,0,0,13,9,1
"227",6641,6,5,0,6,5,0,49,0,18,2,17,0,13,0,2,0,8,6,2,0,0,2
"228",4323,11,7,0,1,0,4,45,0,15,0,11,10,0,7,14,8,5,0,0,8,7,2
"229",4653,16,0,5,4,0,3,13,0,14,0,22,11,0,1,14,23,0,8,0,6,7,2
"230",4091,19,5,0,4,13,0,5,0,6,0,15,10,5,0,28,8,0,1,0,12,3,2
"231",206,10,19,0,0,11,15,19,0,10,5,6,0,0,16,17,5,0,3,0,14,20,1
"232",4459,0,4,10,0,17,14,2,0,6,11,17,0,0,18,10,13,0,14,0,6,18,2
"233",2708,12,0,14,6,1,0,17,0,23,2,20,0,22,0,2,6,0,7,0,1,8,1
"234",6189,0,17,1,0,5,0,7,13,0,23,0,4,0,28,25,0,10,13,0,0,2,2
"235",3535,12,0,10,11,0,11,0,5,20,7,16,0,22,0,11,12,0,3,7,5,0,1
"236",599,19,0,4,16,6,0,21,4,0,0,3,5,11,0,6,0,17,8,0,11,0,1
"237",385,1,5,0,4,0,2,34,4,0,14,5,0,0,24,25,9,0,2,9,2,0,1
"238",2128,7,7,0,0,8,9,5,0,17,6,22,0,15,3,0,15,0,9,14,0,9,1
"239",6225,5,0,4,7,0,11,35,0,18,0,5,10,6,0,13,6,0,15,7,0,10,2
"240",903,16,0,10,0,3,0,24,0,31,0,20,20,16,0,23,1,0,0,0,3,4,1
"241",4743,24,0,13,5,0,1,7,0,10,0,15,11,28,0,21,9,0,1,2,9,0,2
"242",7191,0,23,2,0,20,15,0,2,8,0,2,17,1,0,10,0,2,7,0,8,16,2
"243",6352,18,0,7,2,0,2,16,0,18,0,23,10,15,0,1,20,0,3,1,0,5,2
"244",6881,9,11,0,10,0,16,0,6,11,0,17,18,0,14,1,15,0,10,0,1,16,2
"245",4967,5,0,1,0,8,6,6,0,19,3,11,0,0,8,39,9,0,10,0,7,4,2
"246",4762,25,0,30,5,0,4,0,3,4,15,16,0,25,0,9,14,0,12,0,6,3,2
"247",1730,0,10,16,8,16,0,3,8,0,12,0,5,0,10,23,0,5,13,0,12,12,1
"248",5913,22,0,14,1,0,2,4,0,9,15,22,0,20,0,4,19,0,13,6,0,3,2
"249",298,0,21,3,4,5,0,0,6,2,19,0,13,0,24,29,0,9,14,4,0,6,1
"250",7192,0,14,13,0,5,21,1,0,8,6,11,0,0,20,12,8,0,14,13,0,10,2
"251",3483,12,0,0,8,0,9,6,0,5,0,24,8,26,0,9,9,0,10,13,2,0,1
"252",5862,17,0,9,0,7,3,23,0,8,0,19,11,22,0,3,10,0,2,0,1,2,2
"253",2997,0,0,11,7,0,11,0,22,23,12,0,8,4,0,20,16,0,5,0,8,0,1
"254",5698,15,0,0,1,0,4,0,1,13,0,20,9,21,7,0,22,4,0,0,3,5,2
"255",2052,12,0,10,0,6,8,2,0,16,0,23,4,16,0,8,20,0,2,5,3,0,1
"256",5481,3,0,12,0,9,12,43,0,24,0,20,15,1,0,2,0,5,4,3,0,5,2
"257",3733,24,0,17,1,0,4,12,0,11,0,21,13,18,2,0,18,0,2,0,1,3,1
"258",5353,15,0,0,6,0,0,41,0,3,0,3,3,0,11,11,10,1,0,0,12,13,2
"259",2787,21,19,0,0,8,7,11,0,12,0,24,21,10,4,0,9,19,0,0,5,1,1
"260",662,21,0,11,0,11,5,9,0,13,0,14,1,0,10,6,16,2,0,0,13,16,1
"261",4136,21,0,12,0,6,4,15,0,7,0,21,3,15,3,0,12,0,2,10,0,0,2
"262",7304,12,0,15,0,6,3,10,0,16,0,17,4,27,0,17,11,2,0,9,8,0,2
"263",4626,26,0,14,0,2,6,5,0,10,0,25,13,18,0,0,14,0,3,1,0,1,2
"264",5450,2,2,0,0,11,2,4,0,12,0,9,1,0,15,35,21,0,8,0,8,9,2
"265",5628,15,0,14,0,19,9,2,0,10,0,16,4,1,8,0,14,0,1,0,12,18,2
"266",4295,3,0,13,0,13,6,7,0,6,6,6,0,0,25,24,7,0,9,0,20,27,2
"267",6612,14,0,12,1,0,2,25,0,11,0,18,4,26,0,12,14,0,10,0,0,1,2
"268",6013,16,0,11,17,11,0,21,0,6,5,11,0,0,14,12,17,0,1,0,2,4,2
"269",3614,21,0,17,0,5,10,4,0,15,0,28,18,14,0,0,12,1,0,0,0,0,1
"270",5045,24,0,14,0,11,1,11,0,11,0,9,2,0,10,4,15,0,1,0,13,20,2
"271",4794,3,0,8,11,0,5,29,0,7,0,19,12,22,0,9,0,3,0,3,8,0,2
"272",4424,2,0,10,5,0,7,12,4,0,6,0,0,14,0,21,0,18,36,7,2,0,2
"273",6373,11,20,0,20,0,8,0,23,14,0,5,2,5,0,4,12,0,6,16,2,0,2
"274",1712,27,0,34,0,3,0,23,0,4,16,0,3,4,0,7,13,7,0,1,4,0,1
"275",4421,13,26,0,0,16,12,8,0,21,0,3,2,8,0,8,11,4,0,0,15,5,2
"276",6575,8,0,9,0,2,2,11,0,12,13,22,0,27,0,9,15,0,10,0,13,13,2
"277",4498,12,0,6,0,11,5,15,0,5,0,5,6,0,15,20,15,0,5,0,17,21,2
"278",5406,8,0,7,5,9,0,12,0,19,0,19,10,5,0,19,17,0,6,0,8,9,2
"279",7519,20,0,20,2,0,10,11,0,2,0,15,10,25,0,4,11,0,1,8,6,0,2
"280",2204,19,0,12,10,3,0,19,0,6,0,16,4,13,0,10,4,0,4,0,18,14,1
"281",7169,15,0,16,28,0,11,12,0,0,2,8,0,3,0,4,0,14,2,6,17,0,2
"282",73,16,1,0,13,12,0,4,0,5,0,11,7,0,0,27,24,0,9,3,4,0,1
"283",5719,14,0,5,6,0,2,24,0,14,0,23,6,17,0,4,10,0,8,6,0,4,2
"284",5832,26,0,16,0,2,0,7,0,13,0,23,13,16,0,14,18,0,6,2,1,0,2
"285",7172,10,0,16,12,0,9,9,0,13,0,24,0,25,1,0,7,0,1,3,3,0,2
"286",5803,17,0,8,1,7,0,10,0,15,0,23,9,12,0,7,18,0,2,0,7,9,2
"287",4382,21,0,8,4,10,0,14,0,13,0,17,2,18,0,12,14,0,7,0,4,5,2
"288",7388,12,0,7,0,6,2,10,0,16,0,16,20,30,0,13,5,0,2,11,0,3,2
"289",5794,17,3,0,10,7,0,1,0,13,0,15,6,13,0,30,11,0,12,1,3,0,2
"290",3011,24,5,0,0,2,5,18,0,12,0,12,3,13,0,19,19,0,5,0,4,1,1
"291",7189,1,3,0,15,0,29,7,0,19,12,19,0,0,14,5,0,12,11,3,0,1,2
"292",2587,29,0,23,21,0,6,5,0,2,0,9,0,0,5,7,6,12,0,0,18,4,1
"293",4908,0,0,2,12,9,0,18,0,1,12,14,0,0,7,1,29,0,23,5,0,17,2
"294",879,8,0,1,0,14,13,11,0,11,0,13,3,19,0,4,25,0,14,9,0,10,1
"295",6291,8,0,16,3,1,0,16,7,0,12,21,0,18,0,6,12,0,12,12,5,0,2
"296",6148,24,0,18,0,0,1,8,0,9,0,28,12,24,0,0,10,1,0,2,4,0,2
"297",2932,0,9,7,0,19,26,14,0,7,11,19,0,1,10,0,5,0,13,8,0,10,1
"298",5786,11,0,1,0,6,6,37,0,18,0,16,5,10,0,12,11,0,4,0,6,7,2
"299",7128,17,0,29,14,1,0,10,0,7,15,22,0,0,16,9,6,0,2,0,3,2,2
"300",997,19,0,13,11,3,0,18,0,21,0,17,3,10,0,19,12,0,5,1,2,0,1
"301",984,16,0,10,2,0,3,24,0,10,0,17,6,22,0,0,7,0,9,0,3,9,1
"302",6702,25,0,15,0,1,12,0,1,10,0,17,11,18,0,1,12,5,0,3,5,0,2
"303",3974,16,0,13,3,0,7,17,0,7,0,19,8,25,0,10,13,0,9,3,2,0,2
"304",3970,4,0,4,11,0,6,0,4,15,0,26,2,0,3,25,2,0,13,2,6,0,2
"305",5633,0,5,19,0,16,26,14,13,0,0,2,9,0,22,10,0,1,2,7,1,0,2
"306",7180,30,23,0,15,0,23,5,0,10,1,0,2,0,10,0,12,10,0,14,0,1,2
"307",3214,19,0,16,10,0,9,22,0,18,0,6,2,4,0,13,4,0,7,0,22,23,1
"308",7469,21,0,14,2,0,5,8,0,8,0,29,15,23,3,0,9,6,0,2,5,0,2
"309",381,30,0,24,6,4,0,9,0,0,13,18,0,19,0,5,0,0,7,0,12,7,1
"310",4196,25,0,5,7,10,0,6,0,11,0,1,2,0,14,23,11,0,0,0,18,13,2
"311",5619,1,0,11,0,6,4,40,2,0,4,0,2,15,0,1,14,0,14,0,1,9,2
"312",7500,2,0,1,11,3,0,9,0,9,0,6,11,9,0,27,35,0,9,5,2,0,2
"313",6071,18,9,0,19,14,0,1,0,6,0,21,4,4,0,6,24,0,14,6,0,3,2
"314",2319,0,11,10,5,0,0,0,16,7,22,0,10,0,8,13,7,0,17,16,0,8,1
"315",6145,1,4,0,1,0,4,17,0,3,7,15,0,0,32,45,0,3,10,1,5,0,2
"316",3460,9,0,17,0,19,7,0,2,5,0,13,9,0,16,15,9,0,4,0,18,22,1
"317",5456,4,0,6,9,0,6,0,7,8,29,22,0,10,4,0,13,16,0,22,17,0,2
